timestamp,question,answer,score
2025-07-09T23:42:45.413597,o que significa a sinalização branca?,A sinalização branca é destinada a indicar e sinalizar equipamentos que se encontram com alguma limitação.,5
2025-07-09T23:43:07.679378,qual a diferença entre falha e defeito?,"De acordo com o documento 'IDDC.pdf':

*   **Defeito:** É qualquer alteração física, química ou imperfeição do estado de um equipamento ou instalação. Um defeito pode ou não causar o término da capacidade de desempenhar a função requerida, e o equipamento pode operar com restrições.
*   **Falha:** É o término da capacidade de um equipamento ou instalação para desempenhar a função requerida, tornando-o indisponível.",5
2025-07-09T23:43:31.995053,o que é uma NSRI?,A informação específica sobre o que é uma NSRI não está detalhada no documento 'IDDC.pdf'.,3
2025-07-10T00:31:15.770788,quais as cores para sinalizar equipamentos?,"As cores utilizadas para sinalizar equipamentos são: vermelha, verde, azul e branca.",5
2025-07-10T00:31:44.237539,qual a função de cada cor?,"Com base no documento 'IDDC.pdf', as funções das cores de sinalização são:

*   **Vermelho:** A função específica da sinalização vermelha não é detalhada no trecho fornecido.
*   **Verde:** A sinalização verde é aplicada em locais energizados.
*   **Branca:** A função específica da sinalização branca não é detalhada no trecho fornecido.
*   **Azul:** A sinalização azul é utilizada para indicar e sinalizar equipamentos que estão em manobra no sistema. Ela deve ser colocada em equipamentos que foram manobrados e que estão temporariamente fora da posição normal. A sinalização azul só pode ser retirada quando a condição normal do equipamento for restabelecida.",5
2025-07-10T09:01:23.494797,o que é a IDDC?,"IDDC é a sigla para ""INTERVENÇÃO EM CIRCUITOS DE MÉDIA E BAIXA TENSÃO"". É o título de uma Instrução de Trabalho que define diretrizes, critérios, procedimentos e responsabilidades para intervenções em circuitos de média e baixa tensão.",5
2025-07-10T09:02:58.314904,qual a função da bandeirola branca?,A sinalização branca é destinada a indicar e sinalizar equipamentos que possuem alguma limitação.,4
2025-07-10T09:06:25.037028,qual a diferença entre falha e defeito?,"De acordo com o documento 'IDDC.pdf':

*   **Defeito:** É qualquer alteração física, química ou imperfeição em um equipamento ou instalação, que pode ou não impedir que ele desempenhe sua função, e pode permitir operação com restrições.
*   **Falha:** É o término da capacidade de um equipamento ou instalação de desempenhar a função requerida, tornando-o indisponível.",5
2025-07-10T09:41:22.249592,quais são as sinalizações de equipamentos?,"As sinalizações de equipamentos mencionadas no documento 'IDDC.pdf' são:

*   Sinalização Branca
*   Sinalização Azul
*   Sinalização Verde",2
2025-07-10T09:42:07.466646,qual a funcionalidade da sinalização  vermelha ?,"A sinalização vermelha é usada durante as intervenções em equipamentos na condição ""fora de serviço"". Sua finalidade é ser colocada conforme a sequência de manobras. A presença de uma sinalização vermelha não significa que o equipamento esteja isolado, podendo estar com tensão em uma de suas extremidades. Nenhuma manobra pode ser executada em equipamentos ou dispositivos com sinalização vermelha.",3
2025-07-10T09:55:49.382769,o que é o COD?,"O COD (Centro de Operação da Distribuição) é um conjunto centralizado de pessoal, informações, equipamentos e processamento de dados. Sua função é exercer a operação, coordenação, controle e supervisão do sistema elétrico de distribuição da Cemig.",3
2025-07-10T10:05:08.651674,Quais são os tipos de sinalização de advertência?,"O documento 'IDDC.pdf' menciona que estão previstos diversos tipos de sinalizações de advertência, confeccionadas nas cores padronizadas para cada uso (placas e indicações eletrônicas) nos sistemas corporativos, nos dispositivos e equipamentos de manobra.",2
2025-07-10T10:05:45.252081,quais são as cores de sinalização de advertência?,"As cores de sinalização de advertência mencionadas no documento são: vermelha, verde, branca e azul.",3
2025-07-10T10:15:51.799661,What is COD?,"COD significa Centro de Operação da Distribuição. É um conjunto centralizado de pessoal, informações, equipamentos e processamento de dados, destinado a exercer a operação, coordenação, controle e a supervisão do sistema elétrico de distribuição da Cemig.",3
2025-07-10T10:23:36.548585,qual a função de cada cor de sinalização de advertência?,"O documento especifica que as sinalizações de advertência são confeccionadas em cores padronizadas para cada uso, mas não detalha a função de cada cor específica, exceto para a sinalização azul e verde. A sinalização azul é destinada a indicar e sinalizar equipamentos que se encontram em manobra no sistema, e deve ser utilizada em equipamentos manobrados e mantidos temporariamente fora da posição normal. A sinalização verde é aplicada em circuitos energizados. As outras cores não são descritas no documento.",3
2025-07-10T11:12:38.548302,qual a função da sinalização branca?,A sinalização branca é utilizada para indicar e sinalizar equipamentos que possuem alguma limitação.,3
2025-07-10T13:21:07.501364,qual a cor da bandeira do brasil?,A informação sobre a cor da bandeira do Brasil não está detalhada no documento 'IDDC.pdf'.,3
2025-07-10T13:27:19.456583,o que a IDDC fala sobre aterramento?,"A IDDC se refere às conexões intencionais à terra, durante as intervenções, por meio de conjuntos de cabos e/ou equipamentos apropriados para esse fim. A definição/instalação/retirada de aterramento temporário é responsabilidade da equipe de campo conforme análise de risco no local. A exceção a essa regra é somente nos casos de desligamento de cabine para terceiros, na qual o item de manobra deve conter a informação necessária.",3
2025-07-14T00:11:07.974387,O que é IDDC?,"IDDC é uma sigla utilizada no contexto de ""Instrução de Trabalho - INTERVENÇÃO EM CIRCUITOS DE MÉDIA E BAIXA TENSÃO"".",3
2025-07-14T00:12:56.326192,Quais são as cores das sinalizações de advertência?,"As sinalizações de advertência são confeccionadas nas cores padronizadas para cada uso (placas e indicações eletrônicas). O documento menciona especificamente a sinalização branca e azul, mas não detalha todas as cores utilizadas.",2
2025-07-14T00:12:59.800328,Quais as sinalizações de advertência?,"O documento 'IDDC.pdf' menciona que diversos tipos de sinalizações de advertência são previstos para uso em sistemas corporativos, dispositivos e equipamentos de manobra. Essas sinalizações são confeccionadas em cores padronizadas e podem ser apresentadas em placas e indicações eletrônicas.",2
2025-07-14T00:13:40.000846,qual a funçao da sinalizacao verde?,"A sinalização verde é utilizada durante as intervenções em equipamentos na condição ""em serviço"". Ela tem como finalidade sinalizar e identificar os equipamentos impedidos de serem manobrados, conforme as condições da intervenção.",3
2025-07-14T00:14:23.665945,para trabalhos com linha viva qual a sinalização devo utilizar?,"A sinalização verde é utilizada para indicar um circuito energizado, onde se aplica a sinalização.",3
2025-07-16T23:11:55.591537,o que é o cod?,"O COD (Centro de Operação da Distribuição) é um conjunto centralizado de pessoal, informações, equipamentos e processamento de dados. Ele é responsável por exercer a operação, coordenação, controle e supervisão do sistema elétrico de distribuição da Cemig.",3
2025-07-25T09:09:47.264390,Quais os procedimentos básicos para conduzir uma ocorrência de Média Tensão?,"Os procedimentos básicos para conduzir uma ocorrência em Média Tensão, conforme o documento, incluem:

*   Delimitar os pontos a serem trabalhados, garantindo a segurança.
*   Considerar todas as situações do entorno que possam interferir.
*   O primeiro atendimento emergencial é responsabilidade do COD/Centro responsável.
*   Conferir as condições requeridas para a realização segura das intervenções.
*   Executar as intervenções nos circuitos de Média Tensão e Baixa Tensão.
*   Utilizar adequadamente as sinalizações e dispositivos de bloqueio físico.
*   Atuar sempre para garantir a segurança de pessoas e do sistema.
*   Observar rigorosamente os procedimentos durante a execução das intervenções.
*   O despacho de serviços de Média Tensão deve seguir os parâmetros e critérios definidos por instrução específica.",2
2025-07-25T09:15:36.679708,Quais os itens obrigatórios para o COD confirmar no sistema o trecho a ser isolado identificado pela equipe no campo?,A informação específica sobre os itens obrigatórios para o COD confirmar no sistema o trecho a ser isolado identificado pela equipe no campo não está detalhada no documento 'IDDC.pdf'.,2
2025-07-25T09:16:29.870972,O que é disjuntor de acoplamento?,O disjuntor de acoplamento é um equipamento interruptor que interliga o sistema do Acessante com o da Cemig. Ele também pode ser denominado de disjuntor de interligação ou disjuntor de paralelismo.,3
2025-07-25T09:17:33.642099,Qual a diferença entre desligado e desenergizado?,"No contexto do documento, ""desligado"" caracteriza o SEP (Sistema Elétrico de Potência) com ausência de tensão pela abertura da(s) fonte(s), mas não garante a falta de energia durante toda a intervenção. O ""desligamento de um circuito elétrico"" é uma etapa da desenergização. Já ""desenergizado"" é um termo usado para caracterizar o SEP mediante a execução do ASTA (Análise de Segurança do Trabalho em Altura).",1
2025-07-25T09:17:51.616409,O que é ASTA?,"ASTA significa Abrir, Sinalizar, Testar e Aterrar.",3
2025-07-25T09:19:00.054491,Qual a diferença dos termos montante e jusante?,"No contexto do documento, ""Jusante"" é um termo usado para identificar um ponto elétrico posterior a uma referência, considerando o sentido elétrico fonte/carga no SEP. ""Montante"" é um termo usado para identificar um ponto elétrico anterior a uma referência.",3
2025-07-25T09:19:31.958341,Quais as principais responsabilidades do COD?,"As principais responsabilidades do Centro de Operação da Distribuição (COD) são:

*   Atuar em primeiro atendimento emergencial em Média Tensão e Baixa Tensão.
*   Coordenar a operação na rede subterrânea em ações de restabelecimento e reparos emergenciais ou acidentais, bem como as intervenções de forma não programada.
*   Tomar decisões autônomas em todas as intervenções no Sistema Elétrico de Distribuição da Cemig.",3
2025-07-25T09:21:33.078364,E pessoa credenciada?,"A informação sobre ""pessoa credenciada"" não está detalhada no documento 'IDDC.pdf'. No entanto, o documento menciona que o supervisor de serviços precisa estar credenciado no sistema corporativo da Cemig.",3
2025-07-25T09:21:34.978296,O que é pessao autorizada?,"No contexto do documento 'IDDC.pdf', a ""Pessoa Autorizada"" é um dos papéis mencionados, juntamente com Supervisor de Serviço e Líder de Equipe. A Pessoa Autorizada tem a responsabilidade de verificar todos os aspectos relacionados com a segurança das pessoas e do trabalho de acordo com os procedimentos vigentes.",3
2025-07-25T09:21:38.207568,Pessoa autorizada e pessoa credenciada são a mesma pessoa?,"A informação específica sobre a relação entre ""Pessoa Autorizada"" e ""Pessoa Credenciada"" não está detalhada no documento 'IDDC.pdf'.",3
2025-07-25T09:22:26.261091,Quais os critérios para solicitações de intervenções programadas?,"As solicitações de intervenções programadas devem ser feitas com antecedência mínima em relação ao horário da execução, atendendo aos prazos regulatórios.",1
2025-07-25T09:23:11.914917,"No SEP, é permitido a realização de intervenções simultâneas em um mesmo trecho?","Sim, no SEP, são permitidas intervenções simultâneas. Intervenções simultâneas são definidas como aquelas em que equipes diferentes atuam no mesmo ou em mais de um ponto indicado, ao mesmo tempo e no trecho delimitado que atende à condição requerida.",3
2025-07-25T09:24:07.530440,Qualquer equipe pode atuar em circuitos de média tensão energizados?,"Não, o documento 'IDDC.pdf' não fornece informações sobre quais equipes podem atuar em circuitos de média tensão energizados.",2
2025-07-25T09:25:50.883745,"No caso de religador V6H, existe alguma recomendação especial para liberação de equipes de linha viva?","Sim, no caso de religadores V6H, que não possuem DST (Dispositivo de Supervisão de Tensão), é recomendado ativar a função de Proteção para Linha Viva ou o bloqueio do DRA.",1
2025-07-25T09:30:42.532788,Qual placa de advertência devo inserir no sistema para sinalizar um equipamento que foi colocado em modo de proteção alternativa?,O documento 'IDDC.pdf' não especifica qual placa de advertência deve ser inserida para sinalizar um equipamento em modo de proteção alternativa.,1
2025-07-25T10:53:06.941528,"Vamos Trocar o operador para o Neilor, o Frankstone pergunta depois.","A informação sobre a troca de operadores, como Neilor e Frankstone, não está detalhada no documento 'IDDC.pdf'.",3
2025-07-25T10:58:24.109525,Quando se usar a etiqueta verde ?,"A sinalização verde é utilizada em intervenções em circuito energizado. Ela também é usada para indicar equipamentos que foram etiquetados e que só podem ser manobrados após contato com o Supervisor de Serviço envolvido. Além disso, a sinalização verde somente pode ser retirada após a dispensa do documento de liberação.",3
2025-07-25T10:58:26.369516,Para que serve a etiqueta Branca ?,A sinalização branca é usada para indicar e sinalizar equipamentos que possuem alguma limitação.,3
2025-07-25T10:59:17.879906,Para que serve a etiqueta verde ?,"A etiqueta verde é utilizada durante as intervenções em equipamentos na condição “em serviço”. Ela tem como finalidade sinalizar e identificar os equipamentos impedidos de serem manobrados, exceto para intervenção em circuito energizado.",3
2025-07-25T11:00:15.479386,Para que serve Aterramento temporario ?,"Aterramento temporário refere-se às conexões intencionais à terra. A sua instalação e retirada são responsabilidade da equipe de campo, conforme análise de risco no local, com exceção dos casos de desligamento de cabine para terceiros. O aterramento temporário é instalado/retirado nos pontos definidos conforme análise de risco, caracterizado pelos conjuntos de cabos e/ou equipamentos apropriados.",3
2025-07-25T11:02:10.083393,Responsabilidades do Supervisor de Serviço ?,"As responsabilidades do Supervisor de Serviço, conforme o documento, são:

*   Receber e entregar ao centro responsável e equipes o circuito envolvido nos casos estabelecidos nesta instrução.
*   Conferir junto ao centro responsável e equipes o atendimento às condições requeridas.
*   Informar o centro responsável sobre a substituição do Supervisor de Serviço, caso ocorra, ou ser informado pelo seu superior imediato.
*   É responsável pela atribuição de receber e entregar ao centro responsável e equipes o circuito envolvido nos casos estabelecidos na instrução.",3
2025-07-25T11:04:38.216072,Atribuições do COD ?,"O Centro de Operação da Distribuição (COD) tem as seguintes responsabilidades:

*   Enviar para a equipe executora somente um item de manobra de cada vez, aguardando a confirmação da execução do item anterior antes de enviar o próximo (item 10.3).
*   Em situações específicas, onde for identificada a indisponibilidade de comunicação de dados e voz no local de execução do item (ação da manobra), o COD pode autorizar via voz, conforme critérios de comunicação operativa, a execução superior a um item (ação de manobra) (item 10.4).
*   Coordenar as ações locais por meio das equipes em caso de falha de comunicação com o equipamento telecontrolado (item 8.7.10).
*   Pode conceder autorização via telefone, desde que haja gravação das chamadas.",2
2025-07-25T11:10:42.111706,Quando se condisera um equipamento com falha ?,"Um equipamento é considerado em falha quando a capacidade de desempenhar a função requerida termina, tornando-o indisponível.",1
2025-07-25T11:11:32.238394,"Agora quem vai fazer as perguntas é o TSC - Samuel, ok?","OK, Samuel, pode fazer suas perguntas. Estou pronto para respondê-las com base nas informações do documento 'IDDC.pdf'.",3
2025-07-25T11:12:12.047148,A placa verde é utilizada em quais casos?,"A sinalização verde é utilizada durante as intervenções em equipamentos na condição “em serviço”, com a finalidade de sinalizar e identificar os equipamentos impedidos de serem manobrados. Ela também é usada em situações onde é necessária a retirada de serviço de equipamentos em manobras (emergencial, acidental e programada). A sinalização verde se aplica, exceto para intervenção em circuito energizado.",1
2025-07-25T11:12:51.742103,Podem duas equipes de linha viva estarem trabalhando no mesmo circuito com o mesmo equipamento com hotline ativado?,O documento não fornece informações sobre a possibilidade de duas equipes de linha viva trabalharem no mesmo circuito com o mesmo equipamento com a função de Proteção para Linha Viva ativada.,1
2025-07-25T11:13:41.055883,Qual a diferença de circuito desligado e circuito desenergizado?,"No contexto do documento 'IDDC.pdf', a diferença entre ""desligado"" e ""desenergizado"" é:

*   **Desligado:** Caracteriza o Sistema Elétrico de Potência (SEP) com ausência de tensão mediante a abertura da(s) fonte(s), mas não garante a condição de falta de energia durante todo o processo de intervenção. O ""desligamento de um circuito elétrico"" é uma das etapas de desenergização.
*   **Desenergizado:** Termo empregado para caracterizar o SEP mediante a execução do ASTA (Análise de Segurança do Trabalho em Altura).",3
2025-07-25T11:14:22.063581,Qual o tempo máximo para realização de um teste no religador após desarme?,"Em uma rede de Distribuição Urbana, pode ser efetuado um teste de energização no máximo até 3 (três) minutos após o desarme.",3
2025-07-25T11:15:16.299935,"Quando há duas equipes de empreiteras diferentes a se trabalhar em um mesmo circuito, posso autorizar a entrada das mesmas no circuito e arbitrar qualquer supervisor de serviço?","O documento IDDC.pdf não fornece informações sobre como lidar com duas equipes de empreiteiras diferentes trabalhando no mesmo circuito, nem sobre a possibilidade de autorizar a entrada delas ou arbitrar um supervisor de serviço nessas circunstâncias.",1
2025-07-25T11:30:23.069020,"oi, meu nome é jeferson e eu vou te fazer algumas poerguntas","Olá Jeferson, estou aqui para responder às suas perguntas com base no documento 'IDDC.pdf'. Por favor, faça suas perguntas.",3
2025-07-25T11:31:46.818949,qual o prazo para aviser os clientes sobre o desligamento programado?,O documento 'IDDC.pdf' não especifica o prazo para avisar os clientes sobre desligamentos programados.,1
2025-07-25T13:24:40.275572,qual o prazo para elaborar uma manobra programada?,"O documento 'IDDC.pdf' não especifica um prazo para elaborar uma manobra programada. Ele detalha os prazos para análise e liberação das manobras, mas não para a sua elaboração.",2
2025-07-25T13:25:21.172230,quais são os prazos determinados pela IDDC?,Os prazos para as intervenções na rede subterrânea devem seguir as diretrizes estabelecidas na instrução de trabalho.,1
2025-07-25T13:26:02.024286,quais os procedimentos para trabalhar com rede energizada?,"Os procedimentos para trabalhar com rede energizada, conforme o documento 'IDDC.pdf', incluem:

*   Garantir comunicação imediata e permanente entre o executante e o COD (Centro de Operação da Distribuição).
*   Ativar a função de Proteção para Linha Viva do equipamento durante a execução das intervenções.
*   Em circuitos com paralelismo com acessantes, o COD deve analisar quais equipamentos devem ter ativação da função de Proteção para Linha Viva ou o bloqueio do DRA (Dispositivo de Reacionamento Automático).
*   Em circuitos com paralelismo com acessantes, o COD deve analisar quais equipamentos devem ser desligados e impedir a energização acidental do circuito pelo acessante.
*   Todos os equipamentos e dispositivos que possam energizar o trecho a ser trabalhado devem ser sinalizados. Para RDS (Rede de Distribuição Subterrânea), devem ser sinalizados somente os equipamentos indicados pelo Serviço de Distribuição que atendem à condição requerida.",3
2025-07-25T13:26:34.691184,o que a iddc fala sobre manobras programadas?,"No que diz respeito às manobras programadas, o IDDC aborda os seguintes pontos:

*   As ações relacionadas às manobras programadas são realizadas com base em análises efetivas.
*   Antes de autorizar o início da manobra programada, a Sala de Controle deve verificar se os equipamentos a serem manobrados estão desposicionados ou se há alguma anormalidade no sistema. Em ambos os casos, deve avaliar a situação e adotar medidas para correção.
*   A alteração da condição requerida e a execução de serviços não listados na solicitação de manobra programada são proibidas após sua aprovação e liberação para execução.
*   O Supervisor de Serviço deve estar no ponto indicado na manobra.
*   As sequências de manobras devem ser elaboradas, conferidas, aprovadas e coordenadas.",3
2025-07-25T13:55:57.748330,oi meu nome Frankstone,Olá Frankstone. O documento 'IDDC.pdf' menciona que o nome completo do Solicitante da Intervenção e do Supervisor de Serviço devem ser registrados nas solicitações de intervenções cadastradas.,1
2025-07-25T14:22:38.521837,para que servem as placas de sinalização?,As placas de sinalização servem para transmitir uma mensagem clara a respeito de condições que devem ser respeitadas. Elas são utilizadas com a finalidade específica para a qual se destinam.,3
2025-07-25T14:23:46.724071,para que serve a placa de sinalizaçao azul?,A sinalização azul é utilizada para indicar e sinalizar equipamentos que estão em manobra no sistema. Ela deve ser colocada em equipamentos que estão sendo manobrados e que foram temporariamente retirados de sua posição normal. A sinalização azul só pode ser removida quando o equipamento retorna à condição normal.,3
2025-07-25T14:24:24.131235,quando utilizo a placa branca?,A sinalização branca é utilizada para indicar e sinalizar equipamentos que se encontram com alguma limitação.,3
2025-07-25T14:26:26.031166,è possível liberar intervençao para equipe de linha viva e manutençao ao mesmo tempo?,O documento 'IDDC.pdf' não fornece informações específicas sobre a possibilidade de liberar intervenções para equipes de linha viva e manutenção simultaneamente.,3
2025-07-25T14:29:51.336736,quais as responsabilidades do COD?,"O Centro de Operação da Distribuição (COD) é autônomo em todas as decisões que envolvem intervenções no Sistema Elétrico de Distribuição da Cemig. Suas responsabilidades incluem:
*   Atuar sempre que necessário de forma não programada, com a maior brevidade possível.
*   Coordenar a operação na rede subterrânea em ações de restabelecimento e reparos emergenciais ou acidentais, bem como as intervenções de manutenção.
*   Responsável pelo primeiro atendimento emergencial em Média Tensão e Baixa Tensão.
*   Enviar para equipe executora somente um item de manobra de cada vez, aguardando a confirmação da execução do item anterior.",3
2025-07-25T14:31:26.767657,quantas equipes de linha viva podem intervir de forma simultanea no mesmo circuito.,"O documento 'IDDC.pdf' não especifica quantas equipes de Linha Viva podem intervir simultaneamente no mesmo circuito. Ele apenas menciona o conceito de ""Intervenções Simultâneas"", que envolve a atuação de equipes diferentes no mesmo ou em mais de um ponto indicado, ao mesmo tempo e no trecho delimitado.",1
2025-07-25T14:31:40.794457,posso autorizar mais de uma equipe de linha viva intervir na mesma rede?,O documento 'IDDC.pdf' não especifica se é possível autorizar mais de uma equipe de Linha Viva a intervir na mesma rede.,1
2025-07-25T14:31:58.997842,quas as reslponsabilidades do supervisor de serviço?,"As responsabilidades do Supervisor de Serviço, conforme o documento, incluem:

*   Receber e entregar ao centro responsável e equipes o circuito envolvido nos casos estabelecidos na instrução.
*   Conferir junto ao centro responsável e equipes o atendimento às condições requeridas.
*   Estar no ponto indicado na manobra, sendo que a manobra é de responsabilidade do responsável pela programação.
*   Nomear o supervisor de serviço responsável pela intervenção solicitada.
*   Manter o supervisor de serviço informado do andamento dos serviços.",3
2025-07-27T16:09:48.562878,"ola, o que é asta?","ASTA é a sigla para Abrir, Sinalizar, Testar e Aterrar. Este termo é empregado para caracterizar o Sistema Elétrico de Potência (SEP) mediante a execução destas ações.",3
2025-07-27T16:10:32.298259,quals serviços e interveções precisam do ASTA?,"O documento 'IDDC.pdf' não detalha quais serviços e intervenções precisam do ASTA. A abreviatura ASTA é mencionada como ""Abrir, Sinalizar, Testar e Aterrar"", mas não há informações sobre sua aplicação em serviços ou intervenções específicas dentro do contexto fornecido.",2
2025-07-27T19:08:49.911364,quais as cores das sinalizações estão presentes na IDDC?,"As cores de sinalização presentes na IDDC são:

*   **Verde:** Aplicada em circuito energizado.
*   **Azul:** Utilizada em sistemas de supervisão e controle do COD, com etiquetas virtuais. Essa sinalização somente pode ser retirada quando do retorno à condição normal.
*   **Vermelha:** Utilizada em sistemas de supervisão e controle do COD, com etiquetas virtuais.
*   **Branca:** Utilizada em sistemas de supervisão e controle do COD, com etiquetas virtuais.

O documento também menciona a utilização de sinalizações de advertência confeccionadas nas cores padronizadas para cada uso, incluindo placas e indicações eletrônicas nos sistemas corporativos, dispositivos e equipamentos de manobra.",2
2025-07-27T19:09:07.157848,qual a função da sinalização vermelha ?,"A sinalização vermelha é utilizada durante intervenções em equipamentos que estão na condição ""fora de serviço"". Sua função principal é impedir a execução de qualquer manobra em equipamentos ou dispositivos que a apresentem. No entanto, a presença da sinalização vermelha não garante que o equipamento esteja isolado, pois ele pode ainda estar energizado em uma de suas extremidades.",3
2025-07-27T19:09:46.979658,"qual a sinalização para trabalho com linha viva, rede energizada?","Para trabalhos com linha viva em rede energizada, a sinalização utilizada é a **sinalização azul**. Esta sinalização somente pode ser retirada quando o circuito retornar à sua condição normal.",1
2025-07-27T19:10:31.275148,qual a função da sinalização verde?,"A sinalização verde é utilizada durante intervenções em equipamentos que se encontram na condição ""em serviço"". Sua finalidade é sinalizar e identificar os equipamentos que estão impedidos de serem manobrados, conforme as condições estabelecidas. Após a colocação da sinalização verde, os equipamentos etiquetados só podem ser manobrados após contato com o Supervisor de Serviço envolvido.",2
2025-07-27T19:13:22.623028,O que é Religamento Automático?,"O documento 'IDDC.pdf' não detalha explicitamente o que é ""Religamento Automático"". No entanto, o texto menciona o ""religamento automático"" em diversos contextos, sugerindo que se trata de uma função associada a equipamentos de proteção em redes elétricas, que pode ocorrer após um desarme ou bloqueio. Há menção a um ""ciclo normal de operação e bloqueio"" e à possibilidade de um único religamento manual após este ciclo, sem necessidade de inspeção, desde que o trecho após o equipamento de proteção possa ser caracterizado de uma certa forma. Também se refere a situações que evitam a incidência de religamentos automáticos e a equipamentos que não possuem essa função.",3
2025-07-28T18:01:09.468200,Qual a principal função do COD?,"A principal função do Centro de Operação da Distribuição (COD) é exercer a operação, coordenação, controle e supervisão do sistema elétrico de distribuição da Cemig. Ele também é responsável por coordenar a operação na rede subterrânea em ações de restabelecimento e reparos emergenciais ou acidentais, bem como por autorizar intervenções mais complexas em circuitos. O COD também aplica medidas operativas em situações de desequilíbrio identificadas nas Redes de Distribuição em tempo real e autoriza a abertura de jumper após interação.",3
2025-07-29T18:43:07.770042,quantos pontos de referencia preciso para isolar um circuito?,"Para isolar um circuito em circuitos de Média Tensão energizados, são necessárias informações de dois pontos de referência válidos. Esses pontos de referência podem ser o número do equipamento e/ou transformador correspondente a cada circuito. É obrigatório o mínimo de dois pontos de referência por circuito.

Em áreas rurais, como exceção, pode ser informado também o número do medidor e/ou coordenadas como pontos de referência.",3
2025-07-29T18:51:04.201809,qual a função do COD?,"O Centro de Operação da Distribuição (COD) é um conjunto centralizado de pessoal, informações, equipamentos e processamento de dados. Sua função é exercer a operação, coordenação, controle e supervisão do sistema elétrico de distribuição da Cemig. O COD também coordena a operação na rede subterrânea em ações de restabelecimento e reparos emergenciais ou acidentais, bem como outras intervenções. Além disso, o COD autoriza a execução de reparos de maior complexidade em circuitos e concede autorização para o atendimento de equipes, que podem ser feitas via telefone com gravação das chamadas. O COD também envia um item de manobra de cada vez para a equipe executora, aguardando a confirmação da execução do item anterior antes de enviar o próximo.",3
2025-08-14T14:55:20.342756,o que é dst?,DST significa Dispositivo de Sensor Terra.,3
2025-08-14T14:55:45.926445,o que é DRA ?,"DRA é um dispositivo mencionado no documento 'IDDC.pdf' que pode ser mantido em serviço em Redes de Distribuição em certas situações, como testes via telecontrole em Subestações. Também é descrito como um dispositivo destinado a inibir e reduzir o tempo de atuação da proteção, sendo identificado em equipamentos microprocessados por termos como HOT LINE, HOT LINE TAG, LINHA VIVA, HLT e ETIQUETA DE TRABALHO. Em alguns casos, quando equipamentos de proteção não possuem a função de Proteção para Linha Viva, o DRA deve ser bloqueado.",2
2025-08-15T17:02:19.589403,o que é a IDDC?,"A IDDC, conforme o documento ""Instrução de Trabalho INTERVENÇÃO EM CIRCUITOS DE MÉDIA E IO – DCD – 0001- c BAIXA TENSÃO – IDDC"", refere-se a um conjunto de diretrizes, critérios, procedimentos e responsabilidades para intervenções em circuitos de média e baixa tensão. O documento estabelece o objetivo de definir essas diretrizes para as intervenções.",3
2025-08-15T17:03:43.549071,o que e DST?,O documento 'IDDC.pdf' não detalha o que é DST.,1
2025-08-15T17:04:14.139240,o que é sensor terra?,"O documento 'IDDC.pdf' menciona ""DST – Dispositivo de Sensor Terra"". No entanto, não fornece uma descrição detalhada sobre o que é um sensor terra.",2
2025-08-15T23:47:11.845561,me liste as principais características da iddc,"O documento 'IDDC.pdf' é uma Instrução de Trabalho referente à ""INTERVENÇÃO EM CIRCUITOS DE MÉDIA E BAIXA TENSÃO"". As principais características da IDDC mencionadas no contexto são:

*   **Definição de Diretrizes, Critérios, Procedimentos e Responsabilidades:** A IDDC tem como objetivo definir estes elementos para a intervenção em circuitos de média e baixa tensão.
*   **Análise de Viabilidade e Acoplamento de Serviços:** A IDDC envolve a realização de análises de viabilidade e acoplamento de serviços, solicitadas em função de prioridades e interesses.
*   **Elaboração, Conferência, Aprovação e Coordenação de Sequências de Manobras:** A IDDC abrange a coordenação de manobras, que em casos programados, são baseadas em análises.
*   **Religamento em Rede de Distribuição Rural (RDR):** A IDDC especifica que o religamento após a aplicação de equipamento de proteção pode ser caracterizado como Rede de Distribuição Rural (RDR) e deve ser feito de acordo com procedimentos específicos.
*   **Verificação de Informações em Solicitações:** A IDDC inclui a verificação, pela Cemig, se as informações indicadas em solicitações (documentos, serviços, locais de interrupção e observações) atendem às condições requeridas.
*   **Uso de Etiquetas e Placas Eletrônicas:** No sistema corporativo da Cemig, que representa a Rede de Distribuição de Média Tensão e Baixa Tensão, a IDDC utiliza etiquetas e placas eletrônicas.",3
2025-08-16T00:34:25.214382,o que a IDDC fala sobre segurança?,"O documento 'IDDC.pdf' menciona a segurança em relação à intervenção em circuitos de média e baixa tensão. Especificamente, ele indica a necessidade de conferir as condições requeridas para a realização segura das intervenções. Além disso, a equipe responsável por intervenções de qualquer natureza deve comunicar ao centro responsável toda situação que tenha causado danos ambientais.",3
2025-08-20T13:33:37.664150,o que fazer quando há um bloqueio de religador em uma RDU?,"Quando ocorre o bloqueio de um equipamento de proteção em uma Rede de Distribuição Urbana (RDU), antes de realizar testes manuais (locais ou remotos), é obrigatória a inspeção do trecho protegido diretamente pelo equipamento operado. O objetivo dessa inspeção é identificar situações de risco.",3
2025-08-20T13:40:29.884750,o que fazer quando há um bloqueio de religador em uma RDR?,"O documento IDDC.pdf indica que é permitido um único religamento manual (local ou remoto) após o ciclo normal de operação e bloqueio de um religador em uma Rede de Distribuição Rural (RDR), sem necessidade de inspeção do circuito, desde que o trecho após o equipamento de proteção possa ser caracterizado.",3
2025-08-20T13:41:39.637589,"Se algum equipamento aberto ou bloqueado estiver com etiqueta de sinalização, eu posso fazer um teste?","Com base no documento 'IDDC.pdf', se um equipamento aberto ou bloqueado estiver com etiqueta de sinalização verde, ele somente pode ser manobrado após contato com o Supervisor de Serviço envolvido. O documento não detalha especificamente se um teste pode ser realizado nessas condições, mas a necessidade de contato com o supervisor sugere que qualquer intervenção, incluindo testes, requer autorização.",3
2025-08-20T13:42:29.655295,Se a sinalização for azul. Posso fazer um teste?,A sinalização azul é destinada a indicar e sinalizar equipamentos que se encontram em manobra no sistema. Ela deve ser colocada em equipamentos manobrados e mantidos temporariamente fora da posição normal. O documento não detalha se um teste pode ser realizado em equipamentos sinalizados com azul.,3
2025-08-20T13:43:11.993732,"E se a sinalização for vermelha, posso fazer um teste no equipamneto?","De acordo com o documento 'IDDC.pdf', nenhuma manobra pode ser executada em equipamentos ou dispositivos com sinalização vermelha. A presença de uma sinalização vermelha não garante que o equipamento esteja isolado, pois ele pode estar com tensão em uma de suas extremidades.",3
2025-08-20T13:43:56.136816,Qual a diferença entre isolado e desernegizado?,"O documento 'IDDC.pdf' define ""Desenergizado"" como o estado do Sistema Elétrico de Potência (SEP) após a execução do ASTA. Já ""Isolado"" é um termo empregado para caracterizar um equipamento, mas a descrição completa dessa caracterização não é detalhada no trecho fornecido.",1
2025-08-20T13:44:53.593560,O que é um circuito isolado?,"O termo ""Isolado"" é empregado para caracterizar um equipamento. O contexto fornecido não detalha a definição completa de um circuito isolado, mas menciona que em circuitos de Média Tensão e Baixa Tensão, quando há necessidade de isolamento de um equipamento na estação, a área responsável pelo serviço deve providenciar a abertura de um PLE (Permissão de Ligação Elétrica) para liberação do terminal de distribuição.",1
2025-08-20T13:45:12.546286,o que é PLE?,"PLE significa ""Pedido de Liberação de Equipamento"". É um documento utilizado para solicitar ao COD a liberação de um equipamento instalado nos terminais de estações, com o objetivo de executar intervenções.",3
2025-08-20T13:46:28.930847,o que é ASTA?,"ASTA é a sigla para Abrir, Sinalizar, Testar e Aterrar. Este termo é empregado para caracterizar o SEP (Sistema Elétrico de Potência) mediante a execução deste procedimento.",3
2025-08-22T00:48:45.914804,testes em RDU,"Em caso de bloqueio de um equipamento de proteção na Rede de Distribuição Urbana (RDU), antes de realizar testes manuais (local ou remoto), é obrigatória a inspeção do trecho protegido pelo equipamento operado. O objetivo dessa inspeção é identificar situações de risco.",3
2025-08-22T17:36:37.090137,resuma a iddc para mim.,"O documento ""IDDC.pdf"", com o título ""Instrução de Trabalho INTERVENÇÃO EM CIRCUITOS DE MÉDIA E BAIXA TENSÃO"", descreve procedimentos e diretrizes relacionados a intervenções em circuitos de média e baixa tensão. Ele aborda aspectos como a comunicação de interrupções programadas a clientes, a elaboração e coordenação de sequências de manobras, e procedimentos específicos para liberação de intervenções em circuitos energizados e em postos de transformação. O documento também menciona a necessidade de análise de viabilidade e acoplamento de serviços. A emissão inicial deste documento ocorreu em 02/08/2010.",2
2025-08-23T12:12:04.966663,O que é a IDDC?,"A IDDC, de acordo com o documento ""Instrução de Trabalho INTERVENÇÃO EM CIRCUITOS DE MÉDIA E BAIXA TENSÃO – IDDC"", refere-se a um código ou identificador utilizado em procedimentos relacionados à intervenção em circuitos de média e baixa tensão. O documento estabelece diretrizes, critérios, procedimentos e responsabilidades para tais intervenções.",5
2025-08-23T12:21:24.008928,Resuma a IDDC e seus principais topicos,"A IDDC, conforme o documento ""Instrução de Trabalho INTERVENÇÃO EM CIRCUITOS DE MÉDIA E BAIXA TENSÃO – IDDC – DCD – 0001- c"", tem como objetivo definir diretrizes, critérios, procedimentos e responsabilidades para intervenções em circuitos de média e baixa tensão.

Um dos tópicos mencionados é a elaboração, conferência, aprovação e coordenação de sequências de manobras, sendo que em manobras programadas, estas ações são baseadas em análises. Além disso, é destacado que a equipe deve aguardar autorização do COD para o atendimento e que critérios estabelecidos no item 9.1 devem ser observados para o restabelecimento dos circuitos.

O documento também indica que o treinamento recomendado para a IDDC é o formal e leitura, sem a necessidade de manter em registro. A classificação do documento é ""Interno"".",5
2025-08-23T14:39:07.251209,do que se trata a IDDC?,A IDDC se refere à Instrução de Trabalho para Intervenção em Circuitos de Média e Baixa Tensão – DCD – 0001- c. O documento trata de procedimentos e diretrizes para a realização de intervenções em circuitos de média e baixa tensão.,5
2025-08-23T23:18:23.761967,o que é melhor? Gibson ou Fender?,"A informação sobre qual marca de guitarra é melhor, Gibson ou Fender, não está detalhada no documento 'IDDC.pdf'.",5
2025-08-24T01:53:04.185399,o que é a IDDC?,"A IDDC, conforme o documento 'IDDC.pdf', refere-se à **Intervenção em Circuitos de Média e Baixa Tensão**. O documento detalha procedimentos e instruções relacionados a este tipo de intervenção.",5
2025-08-24T01:55:03.862608,Qual a função da sinalização Verde ?,"A sinalização verde é utilizada durante intervenções em equipamentos que se encontram na condição ""em serviço"". Sua finalidade é sinalizar e identificar os equipamentos que estão impedidos de serem manobrados, conforme as condições estabelecidas. Além disso, a sinalização verde se aplica a equipamentos energizados onde essa sinalização é necessária. Se um equipamento com sinalização verde desarmar ou for desligado manualmente durante as intervenções, ele só poderá ser religado após contato com o Supervisor de Serviço. A sinalização verde só pode ser retirada após a dispensa do documento de liberação.",5
2025-08-24T01:58:17.642674,Qual a diferença entre Falha e Defeito?,"De acordo com o documento 'IDDC.pdf', um **defeito** é definido como ""Toda alteração física, química ou imperfeição do estado de um equipamento ou instalação, podendo ou não causar o término da capacidade de desempenhar a função requerida, podendo operar com restrições.""

O termo ""falha"" aparece em outros contextos dentro do documento, como em ""inspeção ou verificação de falha"" e ""identificação da falha"". Embora o documento descreva situações onde uma falha ocorre e a necessidade de intervir para correção após autorização, ele não fornece uma definição explícita e direta do que constitui uma ""falha"" em si, nem uma comparação direta com a definição de ""defeito"".",5
2025-08-24T13:04:22.323235,O que caracteriza uma intervenção emergencial?,"Uma intervenção emergencial é caracterizada pela necessidade de corrigir uma falha ou defeito em circuitos de Média Tensão e Baixa Tensão. Essa correção é exigida quando a situação gera risco de acidente a pessoas, danos em equipamentos e/ou instalações, ou risco iminente de desligamento intempestivo do equipamento. A intervenção emergencial deve ser executada em um prazo máximo de 24 horas a partir da sua identificação.",5
2025-08-24T13:07:49.585500,o que é um circuito radial?,Um circuito radial é aquele que não possui possibilidade de interligação com o Sistema Elétrico da Cemig ou com acessantes.,5
2025-08-24T16:44:00.084324,O que é considerado condição requerida?,"Erro ao se comunicar com o modelo de linguagem: 429 You exceeded your current quota, please check your plan and billing details. For more information on this error, head to: https://ai.google.dev/gemini-api/docs/rate-limits. [violations {
  quota_metric: ""generativelanguage.googleapis.com/generate_content_free_tier_requests""
  quota_id: ""GenerateRequestsPerDayPerProjectPerModel-FreeTier""
  quota_dimensions {
    key: ""model""
    value: ""gemini-2.5-flash-lite""
  }
  quota_dimensions {
    key: ""location""
    value: ""global""
  }
  quota_value: 1000
}
, links {
  description: ""Learn more about Gemini API quotas""
  url: ""https://ai.google.dev/gemini-api/docs/rate-limits""
}
, retry_delay {
  seconds: 40
}
]",1
2025-08-24T21:16:38.673366,O que é uma manobra programada complexa?,"Uma manobra programada complexa é aquela que envolve a ação em mais de um equipamento e/ou dispositivo de manobra/proteção. As manobras programadas em geral são divididas em dois tipos: simplificada e complexa. As manobras complexas são de responsabilidade da Área de Programação, que pode, em situações especiais, delegá-las ao Serviço de Distribuição. A sequência de uma manobra complexa elaborada por um técnico da Área de Programação deve ser conferida e aprovada conforme um procedimento específico do COD.",5
2025-08-24T23:19:36.172617,O que é uma intervenlção com rede energizada?,"Uma intervenção com rede energizada, conforme o documento 'IDDC.pdf', refere-se a qualquer interação com o sistema elétrico que seja realizada intencionalmente enquanto o sistema está energizado. Isso pode incluir:

*   Colocar em operação novas instalações e equipamentos.
*   Executar atividades em instalações e/ou equipamentos que requeiram que a rede esteja energizada.
*   Executar ensaios e testes no próprio sistema e em equipamentos.
*   Executar comandos à distância em equipamentos em operação através de canais de comunicação.

É importante notar que, para fins de interpretação da instrução, a intervenção é considerada a interação intencional no Sistema Elétrico de Potência (SEP), independentemente de estar energizado ou não. Contudo, a pergunta se refere especificamente à intervenção ""com rede energizada"".",5
2025-08-25T21:06:42.453764,Olá! o que é a IDDC?,"A IDDC é um documento classificado como ""Instrução de Trabalho"" com o título ""INTERVENÇÃO EM CIRCUITOS DE MÉDIA E BAIXA TENSÃO"". Seu objetivo é definir diretrizes, critérios, procedimentos e responsabilidades para intervenções em circuitos de Média e Baixa Tensão do Sistema de Distribuição da Cemig, visando garantir a segurança da força de trabalho, de terceiros, da população, do sistema elétrico, a preservação do meio ambiente, e a qualidade e continuidade do fornecimento de energia aos clientes. O conteúdo aborda responsabilidades dos participantes, diretrizes e critérios a serem cumpridos, procedimentos para manobras em circuitos e equipamentos, sinalizações de advertência e procedimentos para restabelecimento.",5
2025-08-29T23:19:50.207102,o que é a IDDC?,"A IDDC, conforme o documento 'IDDC.pdf', refere-se à Instrução de Trabalho para Intervenção em Circuitos de Média e Baixa Tensão. Seu objetivo principal é definir diretrizes, critérios, procedimentos e responsabilidades para a realização de intervenções nesses circuitos no Sistema de Distribuição da Cemig. Isso visa garantir a segurança da força de trabalho (próprio, contratado e terceiro legalmente habilitado), de terceiros, da população, a segurança do sistema elétrico, a preservação do meio ambiente, e a qualidade e continuidade do fornecimento de energia aos clientes.",5
2025-08-29T23:45:39.418126,Oque é o COD?,"O Centro de Operação da Distribuição (COD) é um conjunto centralizado de pessoal, informações, equipamentos e processamento de dados. Ele é autônomo em todas as decisões que envolvem intervenções no Sistema Elétrico de Distribuição da Cemig. Suas atribuições incluem garantir a segurança de pessoas e do sistema, a integridade e continuidade do fornecimento de energia aos consumidores, e a preservação do meio ambiente. Além disso, o COD coordena o processo de intervenção em circuitos de Média Tensão e Baixa Tensão, programando essas intervenções. O COD também pode autorizar a execução de ações de manobra via voz, desde que a equipe siga a sequência determinada. Em situações de falha, após a identificação pela equipe de campo, a correção só pode ser realizada mediante autorização do COD.",5
2025-08-29T23:45:44.284264,Quais são os tipos de sinalização?,"De acordo com o documento 'IDDC.pdf', os tipos de sinalização de advertência utilizados são:

*   **Sinalização Vermelha:** Indicada para equipamentos em condição ""fora de serviço"" durante intervenções, sinalizando e identificando equipamentos impedidos de serem manobrados. Não significa que o equipamento esteja isolado, podendo estar com tensão em uma extremidade.
*   **Sinalização Verde:** Utilizada durante intervenções em equipamentos na condição ""em serviço"".
*   **Sinalização Branca:** Destinada a indicar e sinalizar equipamentos com limitações/restrições operativas ou indisponíveis após falha. Pode ser usada para sinalizar manobras por conveniência operativa, mas não está associada a intervenções ou proteção de pessoal.
*   **Sinalização Azul:** Usada para indicar e sinalizar equipamentos que se encontram em manobra no sistema, mantidos temporariamente fora da posição normal de operação. Só pode ser retirada com o retorno do equipamento à condição normal.Adicionalmente, o documento menciona a utilização de sinalizações eletrônicas nos sistemas de supervisão e controle do COD, utilizando etiquetas virtuais nas cores vermelha, verde, azul e branca.",5
2025-08-29T23:45:47.352576,o que é IDDC?,"O IDDC é uma Instrução de Trabalho (IO) com o título ""INTERVENÇÃO EM CIRCUITOS DE MÉDIA E BAIXA TENSÃO"". Seu objetivo é definir diretrizes, critérios, procedimentos e responsabilidades para intervenções em circuitos de Média e Baixa Tensão do Sistema de Distribuição da Cemig. Essas diretrizes visam garantir a segurança da força de trabalho, de terceiros, da população, a segurança do sistema elétrico, a preservação do meio ambiente, e a qualidade e continuidade do fornecimento de energia aos clientes.",5
